{"cameraMode":{"drawMode":0,"name":"Shaded","section":"Shading Mode"},"sceneLighting":true,"audioPlay":false,"sceneViewState":{"showFog":true,"showMaterialUpdate":false,"showSkybox":true,"showFlares":true,"showImageEffects":true,"showParticleSystems":true},"in2DMode":false,"pivot":{"x":27.001192092895509,"y":1.090334415435791,"z":10.301336288452149},"rotation":{"x":-0.17711490392684937,"y":0.35107263922691347,"z":-0.06782673299312592,"w":-0.9169603586196899},"size":2.8452463150024416,"orthographic":false}