{"cameraMode":{"drawMode":0,"name":"Shaded","section":"Shading Mode"},"sceneLighting":true,"audioPlay":false,"sceneViewState":{"showFog":true,"showMaterialUpdate":false,"showSkybox":true,"showFlares":true,"showImageEffects":true,"showParticleSystems":true},"in2DMode":false,"pivot":{"x":29.40477752685547,"y":1.4745208024978638,"z":6.026816368103027},"rotation":{"x":0.053856439888477328,"y":0.940665066242218,"z":-0.17877979576587678,"w":0.28350594639778139},"size":2.353433132171631,"orthographic":false}