{"cameraMode":{"drawMode":0,"name":"Shaded","section":"Shading Mode"},"sceneLighting":true,"audioPlay":false,"sceneViewState":{"showFog":true,"showMaterialUpdate":false,"showSkybox":true,"showFlares":true,"showImageEffects":true,"showParticleSystems":true},"in2DMode":false,"pivot":{"x":62.86831283569336,"y":-12.713653564453125,"z":48.891082763671878},"rotation":{"x":-0.06603540480136872,"y":-0.859077513217926,"z":0.49451911449432375,"w":-0.1147979199886322},"size":64.29798126220703,"orthographic":false}